{"cameraMode":{"drawMode":0,"name":"Shaded","section":"Shading Mode"},"sceneLighting":true,"audioPlay":false,"sceneViewState":{"m_AlwaysRefresh":false,"showFog":true,"showSkybox":true,"showFlares":true,"showImageEffects":true,"showParticleSystems":true,"showVisualEffectGraphs":true,"m_FxEnabled":true},"in2DMode":false,"pivot":{"x":18.063461303710939,"y":12.988324165344239,"z":17.689449310302736},"rotation":{"x":0.16785091161727906,"y":0.053205810487270358,"z":-0.009072735905647278,"w":0.9843339323997498},"size":19.878223419189454,"orthographic":false}